v1,v2,v3,Mode
33,78,67,2
33,81,70,2
31,83,76,2
42,83,74,2
33,89,76,2
37,91,74,2
36,98,73,2
34,109,73,2
36,110,71,2
34,120,71,2
32,125,71,2
32,131,70,2
33,138,69,2
41,143,67,2
40,144,65,2
40,144,66,2
39,140,67,2
38,151,73,2
34,154,82,2
34,158,92,2
33,157,134,2
32,150,129,2
30,149,127,2
29,134,142,2
28,132,147,2
30,135,162,2
30,155,156,2
33,188,164,2
33,242,154,2
36,322,154,2
40,418,151,2
39,542,155,2
42,680,154,2
40,821,150,2
39,955,139,2
40,971,136,2
40,967,129,2
40,970,122,2
39,969,121,2
42,971,118,2
47,972,118,2
49,968,116,2
52,970,110,2
52,970,127,2
55,971,128,2
62,973,118,2
65,970,117,2
71,971,115,2
73,971,137,2
79,970,131,2
82,970,124,2
88,968,121,2
96,971,118,2
100,972,124,2
107,972,118,2
114,970,117,2
120,971,120,2
128,971,114,2
134,972,123,2
144,971,119,2
150,971,130,2
161,971,135,2
171,970,136,2
177,970,142,2
187,973,159,2
196,975,160,2
208,966,154,2
219,969,147,2
228,972,144,2
241,972,140,2
252,972,144,2
266,969,144,2
279,972,146,2
292,969,139,2
306,969,140,2
321,970,139,2
333,970,137,2
348,969,131,2
357,971,133,2
365,974,135,2
375,971,132,2
386,969,124,2
397,874,119,2
404,747,123,2
414,654,125,2
421,586,126,2
428,544,121,2
432,508,114,2
432,491,109,2
433,488,104,2
31,133,120,2
32,132,119,2
30,127,126,2
28,132,127,2
33,131,133,2
29,125,138,2
33,124,144,2
41,120,151,2
39,115,153,2
37,109,156,2
36,112,161,2
33,115,161,2
40,117,163,2
40,117,162,2
48,119,163,2
45,121,167,2
43,124,165,2
40,131,167,2
42,130,161,2
37,131,160,2
37,131,160,2
36,130,155,2
40,124,150,2
42,134,139,2
47,126,143,2
55,127,139,2
65,122,129,2
78,124,130,2
90,128,121,2
106,135,115,2
121,145,115,2
137,149,108,2
157,158,102,2
174,165,97,2
192,171,95,2
212,179,95,2
230,193,94,2
250,197,91,2
267,202,86,2
282,214,84,2
298,214,83,2
309,222,79,2
322,223,75,2
334,229,83,2
345,227,81,2
355,235,86,2
361,250,94,2
373,254,100,2
380,270,112,2
390,279,127,2
397,295,141,2
405,307,156,2
416,314,157,2
425,323,168,2
435,327,177,2
450,328,183,2
462,339,192,2
482,335,199,2
497,341,210,2
518,320,217,2
544,333,221,2
568,333,229,2
596,326,243,2
623,317,248,2
653,304,257,2
685,292,264,2
712,288,260,2
746,274,258,2
775,262,257,2
811,246,253,2
846,230,250,2
878,218,242,2
900,207,213,2
924,198,194,2
944,189,180,2
964,174,185,2
968,167,211,2
970,156,264,2
969,144,283,2
969,137,305,2
970,130,322,2
970,119,332,2
970,110,337,2
971,103,343,2
970,96,346,2
969,91,344,2
968,91,341,2
972,84,334,2
983,83,327,2
967,79,323,2
41,278,302,2
44,277,300,2
48,278,294,2
47,274,288,2
51,276,280,2
51,278,272,2
54,274,267,2
55,274,258,2
55,278,250,2
56,274,250,2
60,277,241,2
60,275,239,2
71,277,237,2
70,278,229,2
71,275,229,2
77,275,227,2
94,278,221,2
103,275,224,2
107,274,222,2
112,272,222,2
132,266,224,2
131,261,218,2
137,258,211,2
133,256,204,2
133,253,211,2
131,256,205,2
119,249,202,2
122,248,202,2
120,242,194,2
118,240,194,2
113,235,193,2
110,227,187,2
105,219,179,2
97,213,172,2
89,211,165,2
82,209,158,2
75,204,157,2
67,206,150,2
62,205,142,2
57,203,140,2
54,206,134,2
51,202,132,2
51,201,129,2
57,202,129,2
63,198,130,2
73,199,134,2
84,194,144,2
94,193,153,2
108,184,160,2
116,178,167,2
130,166,174,2
142,151,183,2
158,148,190,2
173,149,200,2
192,153,210,2
212,155,220,2
233,161,230,2
258,164,242,2
280,172,252,2
300,174,264,2
325,174,276,2
344,181,287,2
364,181,298,2
388,178,304,2
408,177,309,2
434,164,314,2
463,161,316,2
489,149,323,2
520,140,328,2
553,133,333,2
589,118,342,2
620,113,353,2
659,105,366,2
695,95,382,2
733,96,397,2
763,95,413,2
800,93,428,2
832,97,416,2
864,97,393,2
893,100,379,2
925,105,372,2
955,106,375,2
970,107,397,2
972,109,442,2
971,112,467,2
971,111,483,2
970,114,496,2
969,116,507,2
971,118,512,2
971,118,518,2
347,117,62,2
347,112,61,2
350,108,60,2
335,106,61,2
349,103,60,2
355,101,61,2
368,102,68,2
349,102,68,2
351,103,70,2
350,113,71,2
351,108,69,2
351,108,68,2
347,108,75,2
345,104,72,2
339,106,72,2
334,98,75,2
330,97,77,2
323,92,82,2
322,91,83,2
309,90,88,2
300,89,93,2
297,93,96,2
283,91,100,2
265,96,98,2
258,96,106,2
265,99,113,2
248,101,115,2
230,96,120,2
210,102,124,2
190,107,127,2
170,112,131,2
151,119,128,2
136,129,129,2
122,138,128,2
110,144,126,2
105,150,123,2
106,161,119,2
112,170,117,2
123,188,112,2
137,201,108,2
155,218,106,2
177,233,100,2
204,245,100,2
230,262,96,2
258,275,93,2
291,292,90,2
320,306,87,2
352,323,63,2
380,346,80,2
410,365,75,2
438,386,74,2
465,413,73,2
496,430,68,2
522,456,68,2
550,474,66,2
581,494,65,2
611,509,67,2
643,511,66,2
674,522,66,2
707,526,66,2
737,530,66,2
764,534,69,2
792,525,63,2
817,522,65,2
845,517,76,2
871,510,70,2
894,504,80,2
920,493,74,2
944,481,78,2
955,468,83,2
970,453,88,2
968,441,98,2
970,424,106,2
970,408,116,2
970,391,129,2
971,374,137,2
971,357,150,2
971,338,157,2
971,316,172,2
970,295,195,2
970,277,199,2
970,246,187,2
971,230,189,2
971,210,221,2
972,184,248,2
972,168,275,2
970,150,297,2
969,142,311,2
955,131,322,2
971,126,330,2
24,390,165,2
24,393,161,2
24,398,160,2
24,400,165,2
23,405,157,2
25,405,156,2
23,405,154,2
25,405,151,2
22,405,146,2
24,406,143,2
23,405,141,2
24,410,138,2
24,411,143,2
23,412,144,2
24,418,145,2
24,417,152,2
24,420,156,2
25,423,156,2
23,421,165,2
25,425,165,2
26,426,171,2
30,425,176,2
39,427,178,2
38,423,185,2
36,423,195,2
38,418,193,2
41,405,195,2
48,389,195,2
84,372,193,2
82,359,191,2
84,341,190,2
82,318,183,2
81,283,176,2
79,269,177,2
83,258,166,2
80,260,163,2
81,264,168,2
81,260,162,2
77,244,166,2
72,228,168,2
66,213,170,2
60,220,175,2
57,235,165,2
51,257,159,2
48,298,155,2
57,335,162,2
69,376,161,2
85,409,161,2
114,445,162,2
139,496,160,2
173,566,160,2
209,656,160,2
245,766,155,2
285,886,154,2
326,970,150,2
371,971,144,2
413,968,139,2
454,972,132,2
498,971,120,2
540,969,117,2
582,972,117,2
620,972,122,2
657,970,134,2
693,973,142,2
724,969,153,2
759,973,162,2
794,971,170,2
825,972,183,2
860,970,194,2
888,971,205,2
921,970,211,2
956,970,219,2
970,970,230,2
971,971,239,2
971,970,243,2
971,970,254,2
971,969,270,2
971,971,283,2
970,973,294,2
970,972,312,2
970,898,332,2
971,805,359,2
970,723,383,2
969,643,407,2
970,558,436,2
970,482,456,2
971,422,477,2
969,378,491,2
972,346,509,2
970,328,523,2
23,67,129,2
24,66,122,2
23,66,118,2
24,67,110,2
23,68,108,2
26,70,105,2
29,68,99,2
34,70,99,2
40,70,96,2
62,70,95,2
89,73,95,2
87,66,91,2
82,71,93,2
109,68,92,2
129,66,92,2
122,68,96,2
124,68,91,2
113,69,93,2
107,67,88,2
97,68,83,2
102,70,81,2
99,67,79,2
99,66,77,2
101,66,73,2
92,67,73,2
98,69,71,2
98,68,73,2
91,67,73,2
87,67,73,2
86,57,71,2
85,69,70,2
89,70,70,2
97,71,68,2
110,70,79,2
127,66,91,2
146,73,87,2
174,76,95,2
205,72,99,2
242,73,93,2
278,77,91,2
321,81,93,2
369,84,94,2
415,90,96,2
466,91,100,2
517,87,102,2
566,96,106,2
620,94,108,2
667,98,114,2
711,99,119,2
751,106,130,2
791,113,148,2
829,114,165,2
867,120,184,2
908,129,206,2
944,135,228,2
971,138,252,2
970,149,274,2
968,161,297,2
970,166,310,2
970,172,325,2
971,177,338,2
970,178,351,2
970,184,363,2
970,188,374,2
971,192,390,2
970,190,401,2
970,194,413,2
970,196,425,2
971,194,433,2
971,196,435,2
970,199,438,2
970,201,445,2
970,203,450,2
972,200,448,2
969,201,451,2
968,202,448,2
972,196,448,2
971,202,449,2
970,199,445,2
969,201,439,2
970,202,429,2
972,200,425,2
971,204,420,2
970,197,411,2
970,199,406,2
968,199,402,2
970,194,391,2
971,194,382,2
969,193,370,2
971,192,361,2
44,125,156,2
42,121,160,2
46,119,155,2
51,115,150,2
48,116,140,2
46,120,134,2
45,120,125,2
41,121,118,2
42,121,110,2
48,127,103,2
48,123,98,2
45,127,93,2
42,131,93,2
52,130,87,2
48,133,90,2
45,132,86,2
42,133,85,2
41,137,82,2
40,136,82,2
38,137,79,2
37,137,79,2
35,138,78,2
34,140,75,2
33,136,76,2
32,142,78,2
31,131,76,2
30,130,77,2
34,124,79,2
37,121,80,2
36,118,89,2
38,111,91,2
39,113,96,2
39,112,99,2
54,108,100,2
53,111,107,2
47,110,108,2
44,112,110,2
42,114,110,2
40,114,110,2
37,118,111,2
37,118,121,2
40,124,118,2
47,122,126,2
55,120,139,2
76,119,150,2
91,120,145,2
118,115,149,2
147,110,150,2
181,105,147,2
219,102,154,2
260,101,153,2
304,104,156,2
344,98,157,2
389,93,158,2
434,89,160,2
476,88,161,2
520,85,157,2
562,81,151,2
610,81,142,2
654,84,131,2
693,80,122,2
732,83,120,2
766,80,122,2
803,83,128,2
840,84,129,2
876,82,145,2
913,80,159,2
949,74,164,2
970,78,172,2
970,73,179,2
971,79,188,2
971,71,190,2
972,72,193,2
971,75,199,2
971,75,202,2
971,75,208,2
971,80,210,2
970,78,216,2
971,78,217,2
970,83,225,2
971,81,228,2
971,86,228,2
971,84,230,2
970,82,231,2
970,85,230,2
969,77,229,2
971,82,226,2
972,83,224,2
970,80,222,2
971,78,219,2
347,155,120,2
340,158,127,2
376,160,126,2
356,163,134,2
342,165,129,2
330,169,129,2
330,169,127,2
318,169,123,2
317,169,123,2
306,171,122,2
315,167,116,2
312,168,112,2
302,171,106,2
288,168,103,2
280,167,97,2
264,167,94,2
257,163,93,2
255,165,87,2
233,160,83,2
213,162,81,2
193,159,80,2
171,157,77,2
153,153,76,2
136,150,72,2
122,143,71,2
114,141,72,2
111,136,72,2
116,133,70,2
126,127,67,2
142,122,67,2
165,114,67,2
190,112,67,2
222,101,64,2
252,100,65,2
287,98,68,2
324,103,67,2
362,104,69,2
401,107,68,2
439,108,74,2
478,105,75,2
517,107,77,2
548,110,82,2
588,108,81,2
622,107,88,2
661,111,81,2
697,117,102,2
730,124,114,2
765,123,128,2
797,128,144,2
829,125,162,2
860,128,178,2
886,131,198,2
919,131,206,2
947,132,230,2
970,131,246,2
970,125,259,2
971,127,273,2
971,125,286,2
972,123,300,2
970,130,311,2
972,130,323,2
970,129,334,2
971,129,342,2
971,132,357,2
970,136,367,2
971,135,376,2
970,141,385,2
970,143,395,2
971,140,403,2
971,145,404,2
971,145,410,2
970,148,415,2
970,155,414,2
969,154,411,2
970,160,404,2
971,161,393,2
970,164,384,2
970,165,361,2
971,167,346,2
970,170,330,2
970,170,315,2
967,165,297,2
971,175,281,2
971,176,266,2
970,175,253,2
972,171,239,2
970,171,226,2
971,171,219,2
971,168,210,2
971,159,204,2
50,97,72,2
52,97,72,2
52,106,71,2
56,103,75,2
56,111,73,2
62,109,76,2
63,115,80,2
65,120,78,2
70,119,81,2
68,123,80,2
71,125,86,2
71,125,88,2
71,127,89,2
71,125,96,2
68,127,98,2
69,128,102,2
69,129,104,2
69,127,106,2
66,125,111,2
64,125,111,2
63,123,114,2
58,123,116,2
89,124,117,2
93,123,117,2
105,124,115,2
106,121,115,2
117,125,113,2
108,127,108,2
116,119,114,2
108,122,110,2
162,116,115,2
175,119,114,2
172,117,109,2
176,115,113,2
175,118,114,2
182,119,120,2
174,120,115,2
174,116,109,2
172,126,105,2
170,132,99,2
163,136,100,2
157,137,98,2
152,142,92,2
150,144,92,2
135,150,89,2
122,160,96,2
109,159,93,2
98,159,104,2
89,149,94,2
81,153,91,2
76,142,89,2
82,136,87,2
77,127,90,2
103,121,88,2
122,114,90,2
143,110,89,2
170,101,87,2
198,98,88,2
224,92,85,2
254,86,85,2
280,88,81,2
309,84,78,2
340,79,82,2
366,83,94,2
396,78,108,2
420,78,134,2
447,79,158,2
473,77,179,2
499,72,201,2
528,73,219,2
556,72,237,2
587,71,248,2
621,71,257,2
648,77,268,2
685,77,274,2
718,82,278,2
753,80,282,2
786,83,284,2
818,88,290,2
850,87,294,2
879,93,301,2
910,93,311,2
938,93,322,2
962,97,331,2
970,99,340,2
971,103,351,2
971,98,363,2
971,98,373,2
972,101,384,2
972,99,387,2
146,92,97,2
166,101,97,2
193,99,96,2
213,104,95,2
239,108,92,2
266,110,100,2
289,114,104,2
314,119,96,2
336,126,97,2
359,133,99,2
382,140,93,2
401,144,95,2
428,143,124,2
441,151,147,2
459,151,145,2
477,154,138,2
490,160,129,2
507,164,124,2
522,170,116,2
539,173,112,2
552,177,104,2
562,182,99,2
577,179,94,2
590,190,90,2
606,199,84,2
625,201,85,2
639,208,88,2
655,215,86,2
665,221,83,2
674,223,81,2
682,226,83,2
688,234,78,2
698,228,77,2
704,228,76,2
710,228,76,2
718,225,79,2
720,222,88,2
725,214,90,2
730,216,101,2
736,213,111,2
741,221,127,2
747,202,148,2
755,191,152,2
761,188,158,2
772,185,159,2
781,182,162,2
791,178,165,2
802,168,167,2
813,167,168,2
827,157,174,2
836,149,178,2
849,151,181,2
862,147,179,2
874,138,182,2
888,130,183,2
903,123,181,2
915,121,187,2
930,117,191,2
944,112,201,2
960,106,210,2
969,104,220,2
970,100,234,2
976,93,239,2
969,89,250,2
969,89,259,2
972,89,256,2
968,84,256,2
971,86,245,2
969,96,230,2
969,90,215,2
969,96,203,2
969,97,186,2
970,94,167,2
973,93,153,2
970,94,138,2
969,105,128,2
971,94,117,2
970,99,107,2
970,102,102,2
969,104,96,2
971,106,92,2
970,107,84,2
970,112,80,2
971,116,77,2
969,121,75,2
962,123,71,2
942,126,69,2
924,132,69,2
907,135,70,2
887,131,69,2
768,76,970,2
763,80,972,2
739,80,971,2
740,83,971,2
736,85,972,2
720,84,971,2
764,93,972,2
763,95,972,2
764,101,971,2
761,106,967,2
734,106,967,2
735,114,971,2
730,119,971,2
734,125,971,2
739,125,972,2
740,126,972,2
750,132,972,2
757,131,972,2
771,139,972,2
788,136,973,2
806,137,974,2
831,137,971,2
859,136,971,2
890,136,972,2
927,127,970,2
970,121,970,2
971,116,971,2
974,112,971,2
971,106,971,2
970,100,973,2
971,96,971,2
971,91,976,2
971,89,971,2
971,92,971,2
971,88,962,2
970,95,945,2
971,91,928,2
970,93,910,2
971,85,894,2
971,83,876,2
971,87,861,2
970,83,844,2
970,85,829,2
970,79,813,2
971,81,798,2
972,77,785,2
971,76,770,2
970,76,755,2
970,72,742,2
970,73,728,2
970,76,715,2
970,71,702,2
969,74,691,2
971,73,678,2
971,71,667,2
971,73,655,2
971,74,645,2
970,72,633,2
970,70,623,2
970,71,611,2
969,69,602,2
970,75,591,2
972,67,580,2
971,69,571,2
970,70,562,2
970,72,552,2
972,70,544,2
971,71,537,2
971,72,526,2
971,74,519,2
971,74,510,2
971,80,500,2
970,80,494,2
970,82,485,2
971,82,476,2
972,84,468,2
971,85,459,2
971,87,453,2
971,94,442,2
969,94,435,2
970,96,429,2
970,90,421,2
971,90,413,2
970,90,408,2
970,90,400,2
971,91,393,2
982,90,387,2
971,90,381,2
970,89,375,2
971,88,369,2
227,130,335,2
228,131,335,2
229,134,336,2
224,134,334,2
215,131,333,2
218,130,333,2
215,128,336,2
216,126,336,2
206,127,335,2
199,128,339,2
206,126,343,2
206,126,347,2
205,126,353,2
196,121,355,2
207,124,354,2
201,122,361,2
198,121,376,2
207,120,365,2
203,117,366,2
205,117,373,2
205,116,379,2
205,113,377,2
209,112,382,2
211,110,384,2
211,112,388,2
211,112,390,2
209,115,390,2
206,117,396,2
199,116,391,2
197,119,392,2
186,116,392,2
176,117,388,2
167,116,390,2
149,112,390,2
133,112,395,2
120,110,389,2
109,106,380,2
98,103,380,2
97,95,379,2
98,93,385,2
114,90,408,2
139,88,385,2
173,84,376,2
210,84,357,2
257,80,352,2
306,82,352,2
362,78,345,2
420,77,342,2
483,80,337,2
545,79,342,2
608,80,343,2
673,77,340,2
733,81,342,2
798,73,341,2
859,77,342,2
917,73,345,2
970,71,346,2
971,75,348,2
970,74,343,2
971,78,347,2
970,81,349,2
972,78,352,2
970,81,356,2
970,78,359,2
970,75,366,2
971,74,366,2
971,77,368,2
971,73,367,2
970,72,366,2
970,74,367,2
971,73,360,2
971,73,356,2
970,75,356,2
971,67,353,2
969,71,349,2
970,59,348,2
970,67,343,2
968,67,342,2
971,64,341,2
971,66,339,2
970,65,341,2
970,67,337,2
970,68,339,2
970,69,336,2
970,65,339,2
971,64,340,2
970,67,335,2
971,64,337,2
970,65,338,2
970,68,337,2
244,235,971,2
250,237,971,2
251,237,970,2
254,242,971,2
251,242,970,2
252,249,971,2
239,250,970,2
221,254,970,2
227,257,972,2
223,263,970,2
218,267,971,2
220,272,970,2
208,274,970,2
201,277,971,2
186,279,970,2
170,282,970,2
157,278,971,2
140,284,971,2
130,287,970,2
116,287,969,2
106,292,971,2
95,294,971,2
85,291,970,2
79,293,970,2
71,292,970,2
64,294,971,2
60,291,971,2
55,289,970,2
53,290,971,2
49,284,970,2
52,290,971,2
53,288,969,2
58,290,971,2
67,287,972,2
71,281,971,2
81,279,970,2
90,272,970,2
99,269,969,2
110,264,970,2
116,253,971,2
122,251,970,2
126,247,970,2
129,242,970,2
134,237,968,2
131,233,963,2
130,235,951,2
130,233,944,2
129,231,936,2
131,236,922,2
136,232,916,2
143,230,905,2
151,231,895,2
160,229,888,2
167,231,873,2
177,221,865,2
188,224,850,2
197,218,834,2
212,214,821,2
229,210,802,2
241,206,786,2
255,203,769,2
273,200,752,2
293,204,732,2
314,199,722,2
331,199,704,2
353,196,692,2
373,199,677,2
398,190,665,2
419,189,651,2
441,184,636,2
464,180,617,2
486,176,600,2
506,169,588,2
527,168,572,2
545,169,557,2
563,162,545,2
575,152,533,2
588,154,524,2
599,144,507,2
604,141,492,2
604,135,482,2
610,130,471,2
612,126,463,2
611,121,456,2
604,118,446,2
600,114,442,2
595,115,432,2
586,106,428,2
572,106,428,2
562,99,423,2
46,80,345,2
57,78,365,2
54,82,383,2
54,81,400,2
55,83,413,2
56,78,428,2
55,80,440,2
52,77,446,2
64,75,451,2
83,73,456,2
76,74,459,2
78,72,455,2
78,70,454,2
75,72,450,2
75,69,444,2
76,71,438,2
104,70,429,2
101,68,413,2
102,66,417,2
105,69,400,2
115,68,399,2
128,70,390,2
145,68,381,2
165,71,372,2
189,73,357,2
214,73,348,2
246,76,331,2
280,74,317,2
314,74,301,2
355,73,291,2
387,74,282,2
424,73,271,2
460,74,265,2
495,73,256,2
531,73,250,2
566,78,247,2
606,79,253,2
641,84,241,2
678,87,233,2
713,84,227,2
744,91,226,2
776,90,227,2
800,93,226,2
819,89,230,2
835,89,232,2
848,94,239,2
857,94,241,2
863,101,246,2
866,93,253,2
869,111,261,2
869,115,275,2
872,116,283,2
868,123,290,2
868,122,305,2
868,120,316,2
865,123,330,2
867,125,346,2
862,127,362,2
859,131,376,2
857,133,395,2
849,139,417,2
843,142,438,2
838,141,460,2
829,147,489,2
826,146,509,2
817,146,532,2
814,145,554,2
806,147,572,2
801,149,589,2
796,143,598,2
790,143,612,2
782,144,620,2
775,145,627,2
764,146,635,2
755,143,646,2
742,145,648,2
729,148,649,2
715,146,654,2
697,143,653,2
676,143,651,2
657,138,650,2
635,139,653,2
614,136,660,2
592,135,664,2
568,131,664,2
542,128,669,2
518,122,674,2
493,114,681,2
466,104,681,2
434,98,687,2
85,64,170,2
86,69,171,2
89,66,169,2
87,63,169,2
96,67,169,2
96,64,170,2
93,64,174,2
109,64,175,2
104,61,177,2
111,62,174,2
121,66,175,2
163,65,176,2
154,65,175,2
148,64,172,2
185,66,166,2
194,64,166,2
195,65,167,2
205,66,167,2
202,65,168,2
207,68,164,2
206,68,161,2
219,72,161,2
236,74,154,2
242,77,153,2
267,82,146,2
263,80,140,2
284,86,136,2
314,84,127,2
319,92,123,2
332,91,118,2
354,95,119,2
377,99,107,2
399,105,102,2
420,109,101,2
437,114,99,2
453,118,97,2
469,125,98,2
478,127,97,2
493,130,97,2
502,129,105,2
513,124,107,2
531,120,110,2
543,118,109,2
558,121,114,2
568,118,120,2
578,120,118,2
587,117,121,2
595,112,121,2
601,110,122,2
604,104,124,2
608,96,126,2
613,92,129,2
616,96,130,2
623,94,137,2
630,99,140,2
638,107,144,2
652,111,152,2
662,124,152,2
676,133,155,2
686,132,158,2
697,158,159,2
706,172,156,2
713,191,147,2
717,211,145,2
733,229,140,2
742,245,133,2
751,267,122,2
756,284,122,2
763,298,114,2
766,311,109,2
770,327,107,2
774,336,108,2
773,350,102,2
770,360,93,2
771,361,92,2
769,362,87,2
764,369,84,2
763,370,81,2
758,374,77,2
753,373,78,2
747,375,70,2
744,373,72,2
733,378,71,2
723,381,76,2
716,376,80,2
704,381,77,2
694,382,76,2
682,381,82,2
670,382,79,2
655,383,72,2
58,72,76,2
58,69,73,2
65,66,70,2
84,68,68,2
78,66,68,2
73,68,65,2
73,68,64,2
76,66,64,2
72,64,68,2
86,66,66,2
82,65,67,2
79,65,65,2
76,65,69,2
75,63,67,2
72,66,67,2
67,66,64,2
64,66,66,2
61,63,65,2
55,67,63,2
50,66,64,2
48,63,63,2
44,68,72,2
41,64,73,2
40,65,73,2
39,68,71,2
39,64,72,2
38,69,74,2
41,66,80,2
45,66,83,2
46,69,81,2
53,65,92,2
57,65,95,2
67,67,90,2
76,65,87,2
91,66,91,2
104,65,99,2
118,65,103,2
138,70,106,2
156,66,106,2
177,69,105,2
203,75,108,2
225,82,107,2
250,90,108,2
270,93,113,2
294,97,118,2
317,101,113,2
337,98,123,2
362,97,134,2
380,92,139,2
404,91,148,2
418,86,152,2
430,82,160,2
446,80,170,2
458,81,172,2
475,82,177,2
492,78,179,2
509,89,174,2
530,88,169,2
549,102,156,2
569,110,145,2
590,117,141,2
608,125,131,2
627,128,120,2
645,130,113,2
658,134,108,2
675,137,106,2
686,140,104,2
701,133,99,2
710,135,94,2
721,134,88,2
731,130,86,2
737,127,80,2
748,116,81,2
754,113,82,2
759,106,80,2
763,105,90,2
764,97,92,2
766,91,97,2
764,90,101,2
762,85,111,2
759,82,119,2
755,80,116,2
752,78,125,2
745,77,134,2
737,77,138,2
728,75,150,2
715,75,162,2
706,73,168,2
688,74,176,2
674,71,171,2
116,236,220,2
120,235,218,2
129,249,231,2
131,253,234,2
127,243,220,2
135,235,222,2
128,239,222,2
138,228,215,2
132,229,214,2
134,227,209,2
130,222,213,2
131,218,209,2
137,212,205,2
143,215,205,2
146,210,198,2
142,209,196,2
138,214,205,2
136,210,198,2
132,204,196,2
134,201,193,2
135,202,193,2
132,207,194,2
140,203,192,2
140,207,198,2
148,204,193,2
155,208,209,2
157,208,205,2
168,209,207,2
174,212,195,2
185,207,206,2
197,211,207,2
202,215,213,2
222,208,209,2
235,209,203,2
252,207,202,2
276,209,204,2
294,205,200,2
319,208,195,2
331,210,198,2
347,206,193,2
361,199,189,2
364,203,190,2
382,199,190,2
389,194,189,2
406,191,188,2
415,186,191,2
417,184,190,2
427,190,212,2
420,198,228,2
429,194,241,2
432,198,259,2
424,215,293,2
427,232,321,2
436,229,327,2
439,231,328,2
440,236,329,2
452,239,321,2
458,260,327,2
463,265,321,2
470,259,317,2
478,291,337,2
496,287,320,2
507,281,316,2
517,289,296,2
538,294,280,2
556,291,270,2
566,288,256,2
578,291,240,2
589,317,255,2
597,326,268,2
601,320,269,2
598,325,272,2
607,339,277,2
613,337,297,2
610,340,321,2
606,323,309,2
605,335,327,2
598,341,332,2
589,333,317,2
575,321,365,2
564,314,404,2
551,300,425,2
533,292,449,2
509,288,423,2
492,276,383,2
477,266,355,2
462,258,327,2
441,252,304,2
429,284,300,2
421,253,277,2
210,174,141,2
204,170,141,2
206,173,144,2
200,173,145,2
199,168,149,2
195,168,149,2
196,167,149,2
205,169,151,2
197,161,147,2
193,160,148,2
197,171,140,2
189,165,148,2
191,168,148,2
181,165,146,2
177,171,147,2
176,173,148,2
166,172,148,2
161,178,152,2
149,177,152,2
158,184,153,2
134,192,161,2
124,188,162,2
117,196,172,2
109,195,189,2
107,200,192,2
101,203,192,2
105,200,189,2
105,205,187,2
114,195,190,2
124,197,186,2
131,204,186,2
151,197,183,2
161,199,183,2
183,195,181,2
206,193,184,2
224,196,184,2
253,189,175,2
275,193,175,2
306,187,169,2
334,190,170,2
353,189,165,2
386,183,161,2
405,181,161,2
431,178,162,2
454,176,162,2
469,178,164,2
497,175,163,2
516,175,167,2
541,176,188,2
566,176,170,2
581,179,166,2
610,174,175,2
629,172,178,2
641,172,176,2
653,167,170,2
668,169,177,2
678,164,176,2
682,167,170,2
689,166,170,2
700,171,163,2
706,179,161,2
710,191,157,2
718,198,154,2
734,219,154,2
749,230,153,2
761,242,151,2
773,250,147,2
799,268,147,2
813,277,145,2
828,296,148,2
845,303,147,2
859,317,150,2
868,328,152,2
875,335,152,2
877,344,154,2
885,358,157,2
885,363,161,2
883,371,162,2
877,370,160,2
874,386,165,2
866,384,167,2
853,378,167,2
843,379,164,2
839,384,176,2
830,383,184,2
813,375,182,2
800,378,180,2
791,387,184,2
775,383,181,2
755,376,175,2
77,159,275,2
74,156,276,2
79,161,263,2
74,159,258,2
78,159,250,2
77,160,238,2
87,157,243,2
112,169,236,2
108,165,230,2
108,167,231,2
109,162,227,2
102,165,230,2
98,166,226,2
93,169,216,2
90,167,213,2
92,170,206,2
88,166,191,2
86,176,198,2
82,176,195,2
94,178,203,2
84,182,208,2
102,180,212,2
103,184,212,2
100,187,207,2
101,190,203,2
115,197,199,2
123,188,196,2
129,193,195,2
147,192,191,2
147,191,199,2
148,194,204,2
158,185,211,2
166,198,214,2
175,194,209,2
191,191,216,2
198,195,226,2
220,189,228,2
234,195,238,2
249,197,232,2
272,191,230,2
291,200,223,2
326,194,225,2
352,197,221,2
376,199,213,2
405,190,209,2
421,198,206,2
446,191,205,2
465,189,207,2
486,200,203,2
511,198,213,2
529,204,222,2
554,201,248,2
569,201,272,2
578,204,295,2
589,203,332,2
588,204,337,2
595,197,355,2
600,203,363,2
602,194,368,2
614,184,381,2
627,180,375,2
635,182,359,2
645,175,326,2
662,174,309,2
679,170,289,2
692,174,300,2
701,172,287,2
718,179,268,2
728,186,255,2
738,193,260,2
743,194,247,2
753,214,244,2
759,225,249,2
760,244,258,2
756,254,241,2
760,271,254,2
759,288,282,2
757,300,295,2
752,294,278,2
755,309,251,2
751,307,234,2
744,311,220,2
735,304,208,2
731,310,198,2
725,322,188,2
715,330,180,2
700,324,172,2
691,332,168,2
679,337,165,2
663,334,162,2
128,169,229,2
121,167,220,2
120,171,211,2
114,168,203,2
111,171,199,2
107,176,189,2
107,174,186,2
112,178,181,2
108,175,177,2
103,183,175,2
100,189,168,2
94,188,169,2
89,194,167,2
86,196,165,2
81,201,169,2
79,205,163,2
76,205,167,2
74,210,166,2
75,201,164,2
76,202,165,2
74,203,159,2
78,199,163,2
79,202,160,2
82,193,155,2
89,197,161,2
90,194,161,2
102,194,156,2
103,203,158,2
111,199,160,2
117,209,170,2
122,212,181,2
129,212,187,2
129,224,195,2
139,218,205,2
147,222,196,2
150,229,185,2
167,226,192,2
176,239,201,2
195,238,195,2
215,242,189,2
228,244,183,2
255,240,177,2
273,246,174,2
300,235,168,2
316,237,168,2
325,241,162,2
349,229,161,2
357,233,162,2
375,222,156,2
389,225,155,2
392,225,158,2
404,223,153,2
406,222,155,2
409,219,149,2
411,217,150,2
406,219,145,2
413,217,148,2
411,218,154,2
415,219,157,2
429,213,138,2
443,217,151,2
456,217,154,2
468,218,158,2
488,214,152,2
503,215,150,2
517,213,151,2
530,215,152,2
553,207,149,2
569,205,148,2
581,206,150,2
589,204,144,2
606,190,143,2
617,187,143,2
621,185,143,2
624,184,142,2
636,178,141,2
641,180,140,2
643,178,146,2
644,169,142,2
655,166,155,2
658,168,161,2
659,169,163,2
658,163,160,2
667,163,163,2
670,164,164,2
673,167,170,2
677,160,168,2
689,165,166,2
699,171,164,2
703,169,158,2
118,155,172,2
112,153,174,2
112,154,172,2
106,155,169,2
104,157,169,2
103,159,161,2
95,159,161,2
96,163,160,2
89,162,157,2
87,165,159,2
83,166,157,2
80,164,154,2
78,166,163,2
76,165,151,2
74,169,151,2
72,167,152,2
73,164,145,2
70,167,144,2
70,166,140,2
72,169,141,2
69,170,141,2
73,166,138,2
71,170,139,2
73,168,137,2
75,163,138,2
73,173,135,2
74,172,136,2
72,175,136,2
73,170,135,2
74,172,140,2
71,177,137,2
71,174,139,2
70,177,141,2
70,173,140,2
73,175,144,2
69,179,139,2
72,175,143,2
74,179,143,2
74,170,138,2
75,180,140,2
77,186,137,2
89,184,136,2
110,189,137,2
136,185,137,2
124,188,138,2
118,198,138,2
154,195,139,2
157,205,134,2
157,206,143,2
159,212,143,2
159,220,153,2
168,222,154,2
174,236,163,2
188,238,167,2
202,246,175,2
215,259,189,2
237,258,191,2
252,263,196,2
281,268,203,2
319,269,204,2
322,277,213,2
351,272,213,2
376,270,228,2
413,263,225,2
450,260,227,2
479,254,242,2
531,242,253,2
578,236,247,2
631,231,238,2
679,225,245,2
732,209,209,2
770,208,205,2
800,203,194,2
821,193,187,2
841,185,178,2
847,180,173,2
839,179,166,2
829,171,160,2
815,171,156,2
796,167,153,2
774,169,152,2
756,163,150,2
746,163,146,2
734,169,145,2
722,169,142,2
716,182,146,2
717,193,147,2
716,208,156,2
713,219,162,2
718,244,171,2
124,156,146,2
122,158,145,2
123,157,148,2
120,155,145,2
122,158,147,2
117,156,145,2
114,161,146,2
116,162,151,2
107,159,150,2
106,164,152,2
104,161,148,2
101,163,148,2
99,166,150,2
91,163,150,2
88,182,155,2
83,169,156,2
81,174,160,2
77,182,165,2
72,180,163,2
76,186,170,2
75,188,170,2
76,190,173,2
79,195,175,2
109,192,168,2
106,198,175,2
110,198,174,2
114,203,172,2
116,209,177,2
123,210,175,2
124,210,178,2
134,213,177,2
143,218,178,2
145,225,188,2
164,226,212,2
173,233,193,2
183,236,192,2
201,244,194,2
216,254,204,2
246,252,201,2
262,260,207,2
285,260,218,2
309,263,220,2
333,267,241,2
369,256,242,2
398,259,235,2
434,259,232,2
474,260,235,2
505,265,240,2
552,259,237,2
591,265,241,2
641,264,245,2
691,263,242,2
731,263,250,2
775,254,244,2
805,255,246,2
837,251,242,2
870,241,236,2
894,239,231,2
904,239,217,2
918,226,204,2
922,224,194,2
915,215,187,2
898,218,175,2
889,207,168,2
870,208,176,2
861,204,166,2
844,203,169,2
840,193,173,2
834,184,181,2
830,185,190,2
821,177,207,2
823,172,214,2
823,169,225,2
820,177,234,2
812,168,249,2
814,181,251,2
812,188,251,2
810,196,252,2
803,205,252,2
809,222,238,2
813,247,226,2
814,271,215,2
812,279,204,2
818,304,191,2
824,323,182,2
827,345,178,2
827,351,169,2
834,376,165,2
837,395,162,2
834,412,157,2
87,162,190,2
72,164,193,2
70,162,198,2
70,169,200,2
71,169,204,2
73,166,212,2
72,169,208,2
73,163,222,2
72,171,218,2
73,169,218,2
75,167,222,2
74,168,212,2
75,164,218,2
70,165,210,2
71,165,206,2
69,164,203,2
70,161,198,2
70,159,198,2
67,158,189,2
74,158,190,2
72,155,193,2
70,152,192,2
70,149,201,2
67,149,196,2
67,156,205,2
65,153,211,2
67,152,208,2
71,152,218,2
75,149,219,2
79,151,220,2
76,151,227,2
77,153,226,2
80,153,238,2
111,149,238,2
109,152,243,2
108,151,253,2
109,152,253,2
103,159,268,2
101,158,271,2
102,158,276,2
105,164,291,2
118,164,295,2
120,168,308,2
111,161,305,2
104,170,308,2
99,168,318,2
101,172,316,2
105,166,333,2
122,169,338,2
117,172,347,2
131,175,359,2
133,176,363,2
126,170,377,2
131,179,379,2
143,177,384,2
145,178,397,2
157,177,401,2
165,185,411,2
191,181,414,2
198,187,422,2
229,195,435,2
265,192,442,2
292,200,462,2
331,195,453,2
369,196,449,2
403,202,459,2
463,198,461,2
508,202,472,2
540,207,483,2
563,209,488,2
591,198,489,2
604,206,487,2
607,212,495,2
608,218,498,2
615,210,492,2
612,213,489,2
601,220,485,2
584,221,505,2
572,216,451,2
556,216,463,2
538,219,461,2
523,219,472,2
517,213,472,2
512,207,477,2
503,209,473,2
500,209,490,2
503,204,484,2
507,199,494,2
506,196,488,2
511,190,483,2
347,156,136,2
352,158,139,2
356,156,134,2
356,156,136,2
354,156,134,2
360,154,134,2
362,155,138,2
363,158,135,2
360,154,138,2
364,155,136,2
355,157,136,2
357,155,140,2
354,154,137,2
346,154,150,2
348,158,134,2
336,154,150,2
332,161,140,2
324,158,137,2
316,147,142,2
318,156,139,2
311,154,146,2
300,156,153,2
289,157,154,2
273,156,161,2
265,155,157,2
259,150,163,2
253,154,164,2
241,155,162,2
228,155,162,2
221,155,152,2
206,151,161,2
199,149,162,2
200,151,157,2
192,154,157,2
185,156,152,2
178,158,152,2
170,161,153,2
190,160,151,2
180,164,147,2
167,167,151,2
158,169,148,2
161,173,151,2
167,178,153,2
157,176,157,2
142,183,162,2
132,179,160,2
132,190,170,2
127,191,185,2
129,197,194,2
131,213,206,2
147,214,211,2
159,226,217,2
172,246,235,2
197,248,247,2
226,249,248,2
260,253,256,2
291,259,267,2
335,254,269,2
378,243,269,2
417,234,266,2
436,230,267,2
461,223,259,2
480,219,252,2
492,216,244,2
495,217,237,2
504,217,223,2
515,216,210,2
530,215,207,2
538,217,199,2
558,214,197,2
579,210,195,2
604,209,197,2
614,209,212,2
639,208,220,2
663,202,227,2
683,202,234,2
696,201,245,2
718,197,255,2
739,189,260,2
757,187,265,2
769,186,271,2
787,180,270,2
808,178,269,2
822,174,262,2
832,168,254,2
847,165,246,2
863,164,232,2
872,164,231,2
875,161,217,2
886,157,203,2
175,237,282,2
177,227,287,2
183,222,294,2
186,219,303,2
187,206,296,2
198,203,293,2
200,197,282,2
204,194,273,2
216,190,261,2
228,185,246,2
223,185,237,2
218,175,222,2
219,181,213,2
220,173,208,2
206,170,199,2
196,167,190,2
196,167,181,2
194,166,179,2
197,165,169,2
190,163,161,2
180,160,158,2
196,156,158,2
184,160,159,2
175,158,158,2
178,152,156,2
180,158,168,2
184,158,173,2
169,163,198,2
163,161,226,2
151,164,234,2
141,162,256,2
132,175,261,2
124,179,276,2
116,177,283,2
108,187,288,2
101,188,299,2
95,207,298,2
96,212,286,2
91,218,273,2
95,233,254,2
93,231,252,2
96,246,232,2
100,255,223,2
99,260,214,2
103,276,204,2
101,282,203,2
103,301,201,2
101,310,208,2
96,311,230,2
100,325,252,2
94,323,287,2
96,333,321,2
96,340,357,2
93,337,406,2
98,350,441,2
97,351,489,2
104,363,520,2
112,366,556,2
120,370,589,2
131,366,600,2
155,374,584,2
178,373,567,2
203,378,548,2
230,362,540,2
268,368,518,2
300,373,505,2
335,370,500,2
368,359,510,2
410,358,515,2
447,352,526,2
487,337,547,2
523,327,573,2
567,327,597,2
603,318,623,2
637,307,653,2
665,294,683,2
698,288,701,2
725,276,718,2
740,263,734,2
757,255,744,2
775,254,748,2
790,247,755,2
795,238,764,2
800,234,771,2
812,228,767,2
816,224,765,2
813,211,770,2
810,214,768,2
814,215,759,2
810,206,748,2
83,226,244,2
81,217,237,2
80,219,239,2
78,210,237,2
78,211,235,2
77,211,238,2
73,206,228,2
73,205,228,2
72,199,220,2
71,202,215,2
70,201,210,2
65,197,204,2
73,198,198,2
76,198,198,2
75,198,186,2
75,199,184,2
73,197,174,2
75,196,172,2
74,195,166,2
78,192,162,2
78,187,176,2
76,184,159,2
77,184,158,2
75,178,155,2
76,176,165,2
73,172,164,2
71,175,166,2
68,175,176,2
66,166,188,2
67,168,200,2
72,164,202,2
78,162,233,2
76,164,217,2
83,158,231,2
86,156,238,2
85,159,246,2
111,156,254,2
108,160,261,2
108,155,266,2
107,157,270,2
101,155,259,2
98,151,269,2
94,153,268,2
96,142,273,2
101,156,278,2
102,151,273,2
113,165,276,2
117,168,265,2
128,177,255,2
141,186,245,2
145,193,228,2
160,204,217,2
158,209,209,2
175,220,197,2
194,221,190,2
208,220,183,2
233,227,176,2
248,228,174,2
270,230,174,2
298,237,174,2
317,229,180,2
350,233,174,2
374,225,175,2
407,242,173,2
441,240,178,2
468,234,193,2
508,237,204,2
538,233,216,2
577,222,238,2
618,231,255,2
654,231,247,2
680,230,254,2
702,224,267,2
726,226,269,2
747,221,284,2
760,219,298,2
769,211,322,2
789,208,334,2
802,204,354,2
810,201,370,2
815,192,396,2
824,186,411,2
829,184,427,2
829,178,440,2
819,175,456,2
819,172,454,2
812,173,450,2
802,170,445,2
791,164,447,2
786,163,436,2
74,249,212,2
79,243,203,2
83,249,200,2
85,254,200,2
90,250,187,2
81,258,185,2
90,252,182,2
86,253,181,2
84,254,184,2
78,253,181,2
74,259,185,2
76,255,185,2
82,256,189,2
81,261,194,2
80,260,191,2
85,269,200,2
81,259,198,2
85,265,198,2
82,270,203,2
93,270,204,2
100,280,204,2
135,275,201,2
132,278,197,2
129,280,197,2
122,275,193,2
121,283,195,2
115,275,187,2
131,275,185,2
133,278,179,2
131,269,174,2
124,274,166,2
115,265,163,2
111,266,158,2
105,265,154,2
100,255,155,2
96,260,151,2
90,252,161,2
86,246,162,2
81,237,157,2
80,224,152,2
75,213,149,2
74,209,152,2
72,204,155,2
69,200,150,2
70,208,147,2
66,208,148,2
68,219,150,2
69,240,150,2
66,239,162,2
74,260,165,2
74,260,184,2
89,280,191,2
104,287,199,2
123,293,210,2
151,301,221,2
174,305,224,2
207,320,229,2
236,326,236,2
265,331,242,2
300,345,239,2
323,338,242,2
358,351,233,2
386,356,237,2
414,352,240,2
442,362,226,2
462,353,227,2
491,366,218,2
516,364,222,2
536,362,225,2
555,355,230,2
577,364,227,2
592,362,235,2
603,367,243,2
615,352,255,2
626,348,257,2
641,341,265,2
646,326,277,2
651,314,284,2
665,313,283,2
676,306,288,2
676,290,299,2
686,281,307,2
696,270,308,2
703,274,312,2
702,267,314,2
703,258,317,2
709,258,308,2
707,245,306,2
699,236,306,2
692,230,306,2
103,207,134,2
104,216,130,2
100,208,130,2
101,216,132,2
102,220,135,2
100,222,136,2
109,226,139,2
108,220,140,2
108,226,145,2
110,233,152,2
109,231,153,2
114,240,165,2
114,231,174,2
114,237,170,2
118,243,167,2
115,239,167,2
118,248,160,2
112,246,157,2
110,254,156,2
113,264,152,2
109,261,153,2
115,273,164,2
111,270,158,2
107,272,178,2
113,279,196,2
108,269,208,2
111,276,206,2
107,263,222,2
98,262,221,2
98,264,219,2
92,251,199,2
86,247,189,2
83,233,187,2
80,223,178,2
77,214,172,2
82,208,168,2
87,205,171,2
108,212,180,2
128,218,170,2
148,215,207,2
178,229,221,2
195,228,243,2
222,249,264,2
245,259,270,2
265,260,283,2
294,276,283,2
313,278,297,2
339,288,295,2
364,300,304,2
380,300,310,2
409,315,302,2
426,317,306,2
452,330,299,2
472,339,294,2
488,337,296,2
512,352,287,2
529,358,289,2
544,353,275,2
559,357,260,2
577,362,258,2
591,356,265,2
591,347,279,2
597,341,290,2
604,338,291,2
604,327,307,2
592,316,302,2
594,310,302,2
590,308,293,2
581,302,294,2
569,293,301,2
555,291,304,2
547,287,291,2
538,276,295,2
524,266,295,2
511,264,301,2
505,257,292,2
490,254,287,2
471,241,288,2
455,228,284,2
442,229,280,2
420,221,279,2
393,209,284,2
370,200,282,2
349,198,280,2
326,195,274,2
301,182,279,2
282,179,275,2
263,178,273,2
248,174,275,2
226,168,281,2
147,144,125,2
142,148,128,2
143,146,125,2
141,149,126,2
136,150,128,2
126,148,124,2
130,152,128,2
129,147,126,2
125,150,127,2
118,151,132,2
113,150,132,2
109,148,136,2
116,149,137,2
108,149,142,2
108,152,148,2
119,150,144,2
123,151,145,2
121,151,140,2
117,153,140,2
111,152,139,2
103,150,135,2
99,157,139,2
94,153,140,2
94,158,141,2
91,155,153,2
86,153,149,2
82,152,148,2
80,154,146,2
79,153,146,2
75,150,149,2
74,151,145,2
72,156,145,2
73,157,158,2
76,160,174,2
75,160,210,2
84,168,200,2
88,173,201,2
93,182,211,2
98,191,225,2
98,193,248,2
105,212,238,2
106,219,260,2
111,238,266,2
111,253,269,2
105,263,282,2
104,284,309,2
97,299,295,2
96,321,288,2
98,338,283,2
94,346,285,2
97,361,276,2
98,363,270,2
106,378,249,2
114,379,259,2
117,376,252,2
132,381,242,2
142,378,231,2
160,379,224,2
179,375,215,2
190,368,209,2
211,371,199,2
226,366,212,2
242,356,208,2
267,363,211,2
291,366,214,2
301,360,240,2
315,363,252,2
342,372,281,2
353,363,292,2
366,357,315,2
378,347,338,2
396,346,370,2
407,340,400,2
416,329,390,2
424,319,400,2
437,317,404,2
448,305,417,2
456,298,421,2
466,282,434,2
480,279,423,2
490,269,431,2
498,256,429,2
509,249,421,2
526,236,405,2
539,229,410,2
545,214,411,2
554,208,400,2
567,206,395,2
581,197,390,2
580,189,398,2
81,189,191,2
79,184,194,2
78,180,194,2
84,179,196,2
80,180,189,2
80,181,187,2
81,172,196,2
78,175,191,2
78,168,196,2
73,168,197,2
72,167,198,2
73,166,208,2
71,162,207,2
73,159,213,2
74,157,214,2
77,156,218,2
78,156,224,2
76,155,223,2
73,152,230,2
71,148,231,2
68,153,230,2
66,152,236,2
66,151,233,2
65,148,235,2
60,156,227,2
63,171,224,2
61,171,225,2
61,192,216,2
60,203,220,2
59,234,212,2
60,257,218,2
59,281,224,2
61,306,221,2
60,326,221,2
61,357,208,2
64,376,227,2
62,393,221,2
64,418,216,2
64,427,211,2
67,449,206,2
68,463,200,2
67,465,201,2
70,480,194,2
65,479,200,2
74,493,189,2
84,499,185,2
86,503,183,2
103,514,177,2
110,518,175,2
129,531,172,2
143,535,172,2
149,528,167,2
164,533,161,2
168,525,164,2
182,527,157,2
193,519,158,2
201,502,150,2
215,502,146,2
224,487,143,2
237,483,143,2
249,475,140,2
256,459,138,2
276,456,136,2
288,437,135,2
306,428,131,2
326,415,132,2
340,394,132,2
365,382,128,2
379,364,127,2
400,356,126,2
413,342,129,2
425,314,129,2
442,295,133,2
465,273,133,2
482,254,132,2
498,236,128,2
517,227,128,2
536,217,134,2
552,215,135,2
565,216,131,2
584,208,129,2
603,201,128,2
617,197,128,2
628,190,126,2
644,188,124,2
664,184,123,2
678,177,125,2
681,172,123,2
695,171,122,2
704,167,122,2
92,167,287,2
88,162,301,2
91,163,306,2
90,160,312,2
87,157,326,2
91,159,326,2
86,155,336,2
86,155,341,2
89,154,346,2
87,153,355,2
89,149,351,2
87,151,354,2
86,151,350,2
88,149,333,2
82,151,340,2
100,149,328,2
92,149,321,2
90,145,302,2
102,150,291,2
95,148,284,2
94,146,269,2
100,146,267,2
105,147,257,2
99,147,255,2
102,146,263,2
122,147,264,2
116,146,275,2
150,145,285,2
142,145,293,2
133,146,304,2
137,146,310,2
133,146,321,2
141,150,325,2
143,152,327,2
143,151,333,2
162,157,341,2
163,156,360,2
175,168,336,2
189,175,334,2
198,179,343,2
216,190,328,2
235,193,353,2
255,214,335,2
274,234,320,2
280,258,320,2
298,294,303,2
303,324,304,2
313,365,284,2
315,389,263,2
307,400,266,2
317,414,265,2
313,412,276,2
315,404,276,2
312,392,298,2
301,373,311,2
302,351,329,2
296,332,356,2
294,317,378,2
296,298,394,2
293,279,436,2
304,269,436,2
311,264,450,2
324,252,463,2
332,236,494,2
353,235,502,2
375,218,528,2
390,212,547,2
407,199,575,2
431,188,589,2
454,184,579,2
471,182,601,2
488,178,606,2
513,172,576,2
535,168,595,2
551,169,606,2
564,162,637,2
582,159,633,2
596,158,643,2
606,162,626,2
616,157,638,2
625,156,636,2
643,158,641,2
650,159,648,2
658,163,649,2
669,161,642,2
674,167,675,2
672,171,664,2
672,175,648,2
676,176,650,2
678,183,630,2
131,222,134,2
124,221,133,2
123,218,130,2
122,221,130,2
117,218,124,2
114,228,125,2
115,231,127,2
110,224,127,2
114,235,126,2
109,228,125,2
110,231,125,2
112,230,127,2
109,223,123,2
110,231,125,2
104,217,123,2
109,216,124,2
107,214,125,2
107,209,121,2
113,210,121,2
110,199,119,2
124,202,119,2
125,206,121,2
117,200,120,2
117,204,117,2
115,198,122,2
120,206,121,2
127,211,124,2
125,207,134,2
137,211,130,2
135,208,141,2
142,226,136,2
148,237,134,2
151,242,140,2
161,261,141,2
164,267,149,2
173,291,160,2
186,313,172,2
201,328,171,2
213,353,187,2
219,363,189,2
233,383,188,2
243,399,186,2
247,414,179,2
262,440,171,2
265,456,164,2
275,481,167,2
279,498,155,2
271,510,179,2
269,534,188,2
256,537,194,2
258,557,198,2
262,551,205,2
268,539,219,2
279,525,240,2
295,520,242,2
313,507,258,2
326,490,270,2
342,475,288,2
361,463,291,2
385,450,314,2
405,430,327,2
430,411,349,2
455,396,353,2
480,363,369,2
496,333,380,2
512,300,382,2
534,279,395,2
556,261,404,2
565,252,420,2
580,242,430,2
596,232,438,2
606,230,445,2
615,239,464,2
624,246,489,2
634,246,488,2
640,255,490,2
638,267,496,2
639,284,500,2
643,290,490,2
645,305,508,2
640,323,521,2
641,356,529,2
637,405,531,2
642,452,543,2
636,495,554,2
631,533,555,2
630,554,556,2
624,580,556,2
613,609,556,2
604,624,552,2
61,272,148,2
60,270,146,2
60,260,154,2
58,260,148,2
59,255,160,2
58,244,159,2
60,245,154,2
70,235,158,2
72,232,156,2
73,226,156,2
73,221,160,2
73,218,158,2
79,208,165,2
78,207,162,2
77,204,150,2
81,195,163,2
80,195,157,2
80,187,157,2
77,187,154,2
104,171,157,2
128,181,156,2
128,181,154,2
119,175,155,2
114,182,153,2
105,183,140,2
99,181,155,2
92,183,155,2
88,173,162,2
88,184,163,2
84,189,173,2
81,191,204,2
84,203,216,2
79,207,255,2
83,221,287,2
88,235,266,2
89,242,262,2
100,270,252,2
105,286,236,2
122,319,227,2
137,340,218,2
149,357,207,2
168,383,202,2
179,399,207,2
209,421,205,2
225,430,197,2
245,435,197,2
264,451,200,2
276,451,204,2
292,468,219,2
304,467,239,2
310,461,249,2
321,463,253,2
335,447,277,2
350,445,293,2
359,427,309,2
365,406,318,2
376,397,335,2
377,375,355,2
393,368,370,2
403,359,381,2
406,343,392,2
416,340,388,2
421,319,379,2
433,312,362,2
448,302,358,2
460,281,332,2
470,263,335,2
490,240,302,2
505,223,290,2
515,215,289,2
528,205,296,2
545,197,307,2
558,198,336,2
563,204,368,2
572,202,403,2
581,195,429,2
582,199,459,2
576,202,502,2
573,199,521,2
572,202,540,2
568,204,560,2
557,210,588,2
548,216,595,2
544,212,591,2
533,221,596,2
519,229,603,2
507,237,601,2
501,236,591,2
490,236,583,2
475,240,591,2
104,327,372,2
104,349,372,2
108,364,378,2
117,369,392,2
121,389,395,2
118,395,409,2
127,412,406,2
126,425,399,2
144,431,397,2
121,453,384,2
123,463,382,2
133,482,376,2
125,498,372,2
117,504,371,2
111,531,353,2
131,546,347,2
137,575,333,2
131,596,321,2
127,611,343,2
119,641,341,2
114,653,360,2
108,674,379,2
106,686,429,2
99,698,421,2
99,714,405,2
96,712,378,2
91,725,351,2
90,734,339,2
92,728,319,2
87,734,293,2
89,726,294,2
88,726,308,2
87,717,326,2
85,699,315,2
80,688,340,2
77,666,355,2
77,656,348,2
78,637,337,2
80,608,312,2
88,597,319,2
84,571,306,2
91,553,316,2
89,526,301,2
87,485,278,2
82,453,262,2
90,410,245,2
86,375,236,2
88,349,230,2
88,337,215,2
83,329,223,2
85,327,218,2
81,329,216,2
79,341,212,2
75,363,213,2
82,378,219,2
87,404,212,2
105,415,212,2
123,432,206,2
139,464,192,2
165,475,192,2
185,498,182,2
220,510,195,2
253,523,198,2
287,523,195,2
329,517,200,2
369,522,222,2
409,525,215,2
461,513,211,2
516,506,211,2
561,495,208,2
606,490,201,2
655,475,207,2
705,473,201,2
740,473,202,2
775,474,206,2
812,467,198,2
847,467,216,2
869,469,229,2
884,479,230,2
907,482,251,2
926,489,254,2
936,495,252,2
948,502,257,2
962,508,259,2
969,517,267,2
970,537,282,2
970,564,283,2
971,571,297,2
969,580,321,2
971,591,353,2
192,310,190,2
192,306,186,2
190,309,205,2
190,303,197,2
190,296,193,2
192,316,198,2
187,310,186,2
193,318,186,2
194,320,189,2
196,317,191,2
209,326,212,2
216,316,219,2
231,324,250,2
241,324,256,2
256,319,259,2
276,327,271,2
287,322,270,2
308,339,283,2
315,338,277,2
329,327,269,2
355,328,275,2
366,319,264,2
390,315,265,2
406,309,258,2
418,297,253,2
430,299,261,2
431,294,250,2
472,299,255,2
471,290,243,2
484,277,225,2
478,265,216,2
466,250,205,2
474,238,208,2
483,231,204,2
483,222,220,2
491,227,231,2
494,215,220,2
514,214,251,2
540,209,295,2
553,203,314,2
577,212,316,2
591,206,311,2
615,204,339,2
615,196,327,2
610,192,328,2
612,184,356,2
603,174,343,2
602,172,336,2
594,172,324,2
572,177,303,2
570,175,288,2
572,178,272,2
580,191,250,2
591,192,236,2
602,195,221,2
610,212,204,2
617,243,190,2
633,276,179,2
644,329,166,2
644,401,169,2
638,456,161,2
639,496,151,2
637,544,148,2
633,592,142,2
618,636,136,2
614,674,143,2
614,719,155,2
619,766,174,2
630,802,182,2
653,817,187,2
674,838,189,2
697,857,202,2
715,873,219,2
743,869,215,2
765,871,206,2
778,867,199,2
786,874,193,2
796,857,203,2
793,845,200,2
774,833,204,2
752,815,206,2
735,780,206,2
715,743,192,2
693,727,179,2
669,705,171,2
650,672,161,2
619,636,158,2
591,611,163,2
566,566,156,2
550,530,143,2
61,147,126,2
57,143,127,2
59,142,130,2
61,142,132,2
67,146,139,2
66,143,137,2
71,147,141,2
70,149,141,2
74,148,141,2
71,146,141,2
74,143,135,2
73,143,135,2
69,141,130,2
69,143,133,2
72,145,134,2
69,144,130,2
69,145,137,2
74,143,137,2
74,151,149,2
114,147,173,2
113,139,196,2
119,141,192,2
118,143,180,2
110,144,172,2
108,137,169,2
109,136,162,2
106,139,157,2
104,139,151,2
105,136,152,2
102,143,155,2
107,143,153,2
109,152,157,2
111,155,155,2
117,157,152,2
119,164,152,2
129,157,146,2
128,164,148,2
142,160,155,2
157,161,149,2
167,166,149,2
171,163,157,2
172,167,174,2
176,160,165,2
191,162,175,2
199,171,206,2
203,174,216,2
206,185,226,2
211,201,255,2
217,207,250,2
215,232,256,2
222,234,236,2
226,251,230,2
234,276,216,2
246,292,205,2
247,320,193,2
260,339,180,2
269,371,172,2
282,403,162,2
303,433,161,2
323,491,149,2
346,542,147,2
374,583,150,2
396,629,166,2
417,680,169,2
446,718,184,2
479,738,189,2
514,760,197,2
551,788,209,2
587,806,209,2
623,820,201,2
660,833,194,2
690,852,194,2
717,866,191,2
745,871,193,2
761,875,194,2
770,872,196,2
781,855,196,2
789,833,191,2
795,808,193,2
791,784,209,2
786,756,222,2
775,732,230,2
758,718,236,2
728,702,247,2
709,677,247,2
683,653,251,2
659,634,262,2
626,620,280,2
601,595,301,2
574,571,317,2
